{"cameraMode":{"drawMode":0,"name":"Shaded","section":"Shading Mode"},"sceneLighting":false,"audioPlay":false,"sceneViewState":{"showFog":true,"showMaterialUpdate":false,"showSkybox":false,"showFlares":true,"showImageEffects":true,"showParticleSystems":true},"in2DMode":false,"pivot":{"x":1.4134348630905152,"y":27.23758888244629,"z":37.1150016784668},"rotation":{"x":0.3800075054168701,"y":0.6051863431930542,"z":-0.40075331926345827,"w":0.573604166507721},"size":0.8288270831108093,"orthographic":false}