{"cameraMode":{"drawMode":0,"name":"Shaded","section":"Shading Mode"},"sceneLighting":false,"audioPlay":false,"sceneViewState":{"showFog":true,"showMaterialUpdate":false,"showSkybox":false,"showFlares":true,"showImageEffects":true,"showParticleSystems":true},"in2DMode":false,"pivot":{"x":-6.20593786239624,"y":16.41135025024414,"z":634.1350708007813},"rotation":{"x":0.38145890831947329,"y":-0.590802013874054,"z":0.3719673752784729,"w":0.605878472328186},"size":158.97727966308595,"orthographic":false}